{
  "auc": 0.9115457450585868,
  "acc": 0.8053624627606752,
  "n": 2014
}